ride_id,rideable_type,started_at,ended_at,start_station_name,start_station_id,end_station_name,end_station_id,start_lat,start_lng,end_lat,end_lng,member_casual
62EF1AC5BE598131,classic_bike,2024-01-24 09:03:33.533,2024-01-24 09:06:53.535,E 102 St & 1 Ave,7407.13,E 103 St & Lexington Ave,7463.09,40.7869946,-73.94164802,40.7903051,-73.94755757,member
8464E543DAB27DBF,classic_bike,2024-01-30 08:21:29.510,2024-01-30 08:29:03.304,E 102 St & 1 Ave,7407.13,E 91 St & 2 Ave,7286.01,40.7869946,-73.94164802,40.78115276427915,-73.94963040947914,member
9C04FDC8549F5205,electric_bike,2024-01-22 21:18:25.199,2024-01-22 21:26:24.647,W 35 St & 8 Ave,6526.01,1 Ave & E 39 St,6303.01,40.752762088742045,-73.99280458705107,40.74714,-73.97113,member
7DD1703A3E0D8833,electric_bike,2024-01-31 22:15:49.861,2024-01-31 22:22:45.520,Warren St & Roosevelt Ave,6346.07,112 St & Northern Blvd,6683.01,40.74919,-73.87054,40.75788,-73.85763,member
6A96FCD170996E59,classic_bike,2024-01-29 22:52:28.276,2024-01-29 22:57:05.099,6 Ave & W 33 St,6364.07,W 29 St & 9 Ave,6416.06,40.74901271,-73.98848395,40.7500727,-73.99839279,member
B7E5E6FAA9636FD5,electric_bike,2024-01-18 19:34:03.148,2024-01-18 19:42:25.392,6 Ave & W 33 St,6364.07,1 Ave & E 39 St,6303.01,40.74901271,-73.98848395,40.74714,-73.97113,member
7DFBA0228776696D,electric_bike,2024-01-20 11:53:22.638,2024-01-20 11:57:49.114,E 102 St & 1 Ave,7407.13,E 91 St & 2 Ave,7286.01,40.7869946,-73.94164802,40.78115276427915,-73.94963040947914,member
12FBBCF285A43999,electric_bike,2024-01-30 07:45:29.603,2024-01-30 07:51:33.407,Leonard St & Church St,5359.11,Pearl St & Hanover Square,4993.02,40.717571,-74.005549,40.7047177,-74.00926027,member
815B668E8ADAFDA8,electric_bike,2024-01-16 06:50:43.736,2024-01-16 07:00:06.406,Bialystoker Pl & Delancey St,5335.03,W Broadway & Watts St,5569.07,40.71622644,-73.98261206,40.72323,-74.00314,member
7D6E05FA1FDC13DD,electric_bike,2024-01-23 16:03:15.146,2024-01-23 16:05:37.079,Leonard St & Church St,5359.11,W Broadway & Watts St,5569.07,40.717571,-74.005549,40.72323,-74.00314,member
DC9D566EDE21493D,electric_bike,2024-01-18 20:14:30.108,2024-01-18 20:34:13.172,E 48 St & 5 Ave,6626.01,E 91 St & 2 Ave,7286.01,40.75724567911726,-73.97805914282799,40.78115276427915,-73.94963040947914,member
AA171066E1FBBA3D,electric_bike,2024-01-26 13:38:48.610,2024-01-26 14:08:54.320,Bergen St & Troy Ave,4048.03,E 1 St & Bowery,5636.13,40.67524,-73.93596,40.72486122254819,-73.99213135242462,member
71AB47656B2090B8,classic_bike,2024-01-27 15:50:16.756,2024-01-27 16:02:50.731,1 Ave & E 110 St,7522.02,E 91 St & 2 Ave,7286.01,40.7923272,-73.9383,40.78115276427915,-73.94963040947914,member
A42F107BB6BD3833,classic_bike,2024-01-26 16:28:57.794,2024-01-26 16:30:14.277,Prospect Pl & Vanderbilt Ave,4157.15,Prospect Pl & Underhill Ave,4116.08,40.67767534,-73.96902144,40.6769694,-73.96579,member
B4F6D243AF91588B,electric_bike,2024-01-29 19:13:26.112,2024-01-29 19:28:24.822,Bleecker St & Crosby St,5679.08,1 Ave & E 39 St,6303.01,40.72615604980408,-73.99510189890862,40.74714,-73.97113,member
67168FF34EE226A7,classic_bike,2024-01-16 12:30:01.102,2024-01-16 12:42:21.997,Greenwich St & Perry St,5922.04,W 29 St & 9 Ave,6416.06,40.73498,-74.00697,40.7500727,-73.99839279,casual
13306F79597A3A06,electric_bike,2024-01-28 12:32:12.188,2024-01-28 12:35:46.175,Lenox Ave & W 140 St,7872.03,E 138 St & Grand Concourse,7803.08,40.817245,-73.938787,40.813224,-73.930605,casual
7656012372574079,electric_bike,2024-01-26 10:27:08.834,2024-01-26 10:31:20.577,Bleecker St & Crosby St,5679.08,W Broadway & Watts St,5569.07,40.72615604980408,-73.99510189890862,40.72323,-74.00314,casual
A159D17432D92BCD,electric_bike,2024-01-15 13:16:59.511,2024-01-15 13:21:34.807,W 40 St & 7 Ave,6560.14,1 Ave & E 39 St,6303.01,40.754818,-73.988154,40.74714,-73.97113,member
4D5F80D54597D58F,electric_bike,2024-01-18 07:39:57.643,2024-01-18 07:54:50.570,Greenwich St & Perry St,5922.04,1 Ave & E 39 St,6303.01,40.73498,-74.00697,40.74714,-73.97113,member
137AF945E2DBBE5B,electric_bike,2024-01-25 10:36:46.671,2024-01-25 10:38:51.804,Stanton St & Chrystie St,5523.02,E 1 St & Bowery,5636.13,40.72229346,-73.99147535,40.72486122254819,-73.99213135242462,member
936E5204127C4FDE,electric_bike,2024-01-24 09:12:20.818,2024-01-24 09:17:19.633,Bleecker St & Crosby St,5679.08,W Broadway & Watts St,5569.07,40.72615604980408,-73.99510189890862,40.72323,-74.00314,casual
3D1553E303DA7B0D,electric_bike,2024-01-23 14:24:40.625,2024-01-23 14:31:58.400,W 40 St & 7 Ave,6560.14,1 Ave & E 39 St,6303.01,40.754818,-73.988154,40.74714,-73.97113,member
65999D3A5AFF675B,electric_bike,2024-01-14 19:43:39.741,2024-01-14 20:10:46.340,Lincoln Pl & Nostrand Ave,3952.07,Meserole Ave & Manhattan Ave,5666.04,40.67077,-73.9507,40.72708584,-73.95299117,member
939190C25A5AB16F,electric_bike,2024-01-22 09:50:19.308,2024-01-22 09:53:27.375,Broadway & W 29 St,6289.06,W 29 St & 9 Ave,6416.06,40.7462009,-73.98855723,40.7500727,-73.99839279,member
0DC35AD1E04590FE,classic_bike,2024-01-18 13:30:25.247,2024-01-18 13:33:34.098,Manhattan Ave & Leonard St,5442.09,Meserole Ave & Manhattan Ave,5666.04,40.72084,-73.94844,40.72708584,-73.95299117,member
B812EF7F1C64CE13,electric_bike,2024-01-15 10:40:46.350,2024-01-15 11:09:43.913,Church Ave & Story St,3007.05,E 1 St & Bowery,5636.13,40.642031,-73.981073,40.72486122254819,-73.99213135242462,member
8BFA54A040E7AD62,classic_bike,2024-01-26 14:10:27.526,2024-01-26 14:31:28.418,Broadway & W 29 St,6289.06,E 1 St & Bowery,5636.13,40.7462009,-73.98855723,40.72486122254819,-73.99213135242462,member
7B7090807A147EBB,electric_bike,2024-01-18 17:48:05.245,2024-01-18 17:58:48.885,Greenwich St & Hubert St,5470.10,Pearl St & Hanover Square,4993.02,40.721319,-74.010065,40.7047177,-74.00926027,member
603F3F1441D0853A,electric_bike,2024-01-28 14:51:45.638,2024-01-28 15:03:58.958,Greenwich St & Hubert St,5470.10,W Broadway & Watts St,5569.07,40.721319,-74.010065,40.72323,-74.00314,member
FDC460720E42A072,electric_bike,2024-01-29 12:41:37.289,2024-01-29 12:59:58.465,E 22 St & 2 Ave,5971.09,Pearl St & Hanover Square,4993.02,40.73716919369882,-73.98122549057007,40.7047177,-74.00926027,member
A586B241FF85F257,electric_bike,2024-01-27 13:52:04.121,2024-01-27 14:06:17.644,E 20 St & FDR Dr,5886.13,W 52 St & 5 Ave,6700.01,40.733208626522426,-73.9756813647,40.75992262,-73.97648516,member
1B5234F18B1F0892,classic_bike,2024-01-15 22:14:23.962,2024-01-15 22:23:49.024,E 26 St & 3 Ave,6089.11,W 29 St & 9 Ave,6416.06,40.74069317733043,-73.98160636425018,40.7500727,-73.99839279,member
528ADF0EB740BD0F,electric_bike,2024-01-21 18:08:10.107,2024-01-21 18:15:41.331,Morningside Ave & W 123 St,7741.01,Columbus Ave & W 103 St,7595.17,40.81,-73.9551508,40.7969347,-73.9643412291,member
E1A0FDEFB0B92477,classic_bike,2024-01-27 20:35:11.668,2024-01-27 20:51:44.976,Ralph Ave & Fulton St,4220.02,Fresh Pond Rd & 69 Ave,4945.06,40.67922,-73.92192,40.70311,-73.89547,member
9F24088687DC9AE1,classic_bike,2024-01-25 13:55:20.013,2024-01-25 14:03:15.843,E 33 St & 5 Ave,6322.01,W 29 St & 9 Ave,6416.06,40.74765947,-73.98490707,40.7500727,-73.99839279,member
56F5265E118DCCD3,electric_bike,2024-01-19 07:59:10.669,2024-01-19 08:13:06.712,Central Park West & W 68 St,7079.06,E 91 St & 2 Ave,7286.01,40.7734066,-73.97782542,40.78115276427915,-73.94963040947914,casual
F8749351FF01B67C,electric_bike,2024-01-23 17:05:04.506,2024-01-23 17:22:18.778,W 51 St & 6 Ave,6740.10,W 29 St & 9 Ave,6416.06,40.7606597,-73.98042047,40.7500727,-73.99839279,member
625EE53222A2B947,electric_bike,2024-01-28 22:08:51.315,2024-01-28 22:20:40.454,W 22 St & 8 Ave,6224.03,1 Ave & E 39 St,6303.01,40.74475148,-73.99915362,40.74714,-73.97113,member
B477DD25DB62E7F0,classic_bike,2024-01-31 18:10:01.729,2024-01-31 18:12:51.238,Parkside Ave & Ocean Ave,3448.02,Ocean Ave & Crooke Ave,3408.05,40.65485,-73.96217,40.65326,-73.96172,member
